<?xml version="1.0" encoding="UTF-8" standalone="yes"?>
<model chipname="STM8S103F2">
  <family>STM8S/STM8AF, low density</family>
  <chip_description>Mainstream Access line 8-bit MCU with 4 Kbytes Flash, 16 MHz CPU, integrated EEPROM </chip_description>
  <feature_list>Key Features
    Core
        16 MHz advanced STM8 core with Harvard architecture and 3-stage pipeline
        Extended instruction set
    Memories
        Program memory: 8 Kbyte Flash; data retention 20 years at 55 °C after 10 kcycle
        Data memory: 640 byte true data EEPROM; endurance 300 kcycle
        RAM: 1 Kbyte
    Clock, reset and supply management
        Low-power modes (wait, active-halt, halt)
        Switch-off peripheral clocks individually
        Clock security system with clock monitor
        Power management:
            Low-power modes (wait, active-halt, halt)
            Switch-off peripheral clocks individually
            Clock security system with clock monitor
            Internal low-power 128 kHz RC
        Permanently active, low-consumption power-on and power-down reset
    Interrupt management
        Nested interrupt controller with 32 interrupts
        Up to 27 external interrupts on 6 vectors
    Timers
        Advanced control timer: 16-bit, 4 CAPCOM channels, 3 complementary outputs, dead-time insertion and flexible synchronization
        16-bit general purpose timer, with 3 CAPCOM channels (IC, OC or PWM)
        8-bit basic timer with 8-bit prescaler
        Auto wake-up timer
        Window watchdog and independent watchdog timers
    Communication interfaces
        UART with clock output for synchronous operation, SmartCard, IrDA, LIN master mode
        SPI interface up to 8 Mbit/s
        I2C interface up to 400 kbit/s
    Analog to digital converter (ADC)
        10-bit, ±1 LSB ADC with up to 5 multiplexed channels, scan mode and analog watchdog
    I/Os
        Up to 28 I/Os on a 32-pin package including 21 high sink outputs
        Highly robust I/O design, immune against current injection
    Unique ID
        96-bit unique key for each device
    </feature_list>
  <references>
    <datasheet>https://www.st.com/resource/en/datasheet/stm8s103f2.pdf</datasheet>
    <reference_manual>RM0016</reference_manual>
    <reference_manual_link>https://www.st.com/content/ccc/resource/technical/document/reference_manual/9a/1b/85/07/ca/eb/4f/dd/CD00190271.pdf/files/CD00190271.pdf/jcr:content/translations/en.CD00190271.pdf</reference_manual_link>
  </references>
  <memory>
    <!--memory sizes in bytes-->
    <RAM addr_start="0x000000" addr_end="0x0003FF" size="1024"/>
    <FLASH addr_start="0x008000" addr_end="0x008FFF" size="4096"/>
    <SFR1 addr_start="0x005000" addr_end="0x0057FF" size="2048"/>
    <SFR2 addr_start="0x007F00" addr_end="0x007FFF" size="256"/>
    <EEPROM addr_start="0x004000" addr_end="0x00427F" size="640"/>
    <OPTION addr_start="0x004800" addr_end="0x00480A" size="11"/>
    <ID addr_start="0x004865" addr_end="0x004870" size="12"/>
  </memory>
  <unique_identifier addr_start="0x4865" size="12">
    <!--unique identifier size in bytes-->
  </unique_identifier>
  <ROM_bootloader>without ROM bootloader</ROM_bootloader>
  <LSI_measurement>TIM1_IC1</LSI_measurement>
  <interrupt_table>
    <!--interrupt sources may share an IRQ; IAR requires IRQ+2-->
    <interrupt name="RESET" addr="0x8000" irq=""/>
    <interrupt name="TRAP" addr="0x8004" irq=""/>
    <interrupt name="TLI" addr="0x8008" irq="0"/>
    <interrupt name="AWU" addr="0x800C" irq="1" enable="AWU_CSR1.AWUEN" pending="AWU_CSR1.AWUF" priority="ITC_SPR1.VECT1SPR"/>
    <interrupt name="CLK_CSS" addr="0x8010" irq="2" enable="CLK_CSSR.CSSDIE" pending="CLK_CSSR.CSSD" priority="ITC_SPR1.VECT2SPR"/>
    <interrupt name="CLK_SWITCH" addr="0x8010" irq="2" enable="CLK_SWCR.SWIEN" pending="CLK_SWCR.SWIF" priority="ITC_SPR1.VECT2SPR"/>
    <interrupt name="EXTI0" addr="0x8014" irq="3" enable="PA_CR2.C20" pending="PA_IDR.IDR0" priority="ITC_SPR1.VECT3SPR"/>
    <interrupt name="EXTI1" addr="0x8018" irq="4" enable="PB_CR2.C20" pending="PB_IDR.IDR0" priority="ITC_SPR2.VECT4SPR"/>
    <interrupt name="EXTI2" addr="0x801C" irq="5" enable="PC_CR2.C20" pending="PC_IDR.IDR0" priority="ITC_SPR2.VECT5SPR"/>
    <interrupt name="EXTI3" addr="0x8020" irq="6" enable="PD_CR2.C20" pending="PD_IDR.IDR0" priority="ITC_SPR2.VECT6SPR"/>
    <interrupt name="EXTI4" addr="0x8024" irq="7" enable="PE_CR2.C20" pending="PE_IDR.IDR0" priority="ITC_SPR2.VECT7SPR"/>
    <interrupt name="SPI_CRCERR" addr="0x8030" irq="10" enable="SPI_ICR.ERRIE" pending="SPI_SR.CRCERR" priority="ITC_SPR3.VECT10SPR"/>
    <interrupt name="SPI_MODF" addr="0x8030" irq="10" enable="SPI_ICR.ERRIE" pending="SPI_SR.MODF" priority="ITC_SPR3.VECT10SPR"/>
    <interrupt name="SPI_OVR" addr="0x8030" irq="10" enable="SPI_ICR.ERRIE" pending="SPI_SR.OVR" priority="ITC_SPR3.VECT10SPR"/>
    <interrupt name="SPI_RXNE" addr="0x8030" irq="10" enable="SPI_ICR.RXIE" pending="SPI_SR.RXNE" priority="ITC_SPR3.VECT10SPR"/>
    <interrupt name="SPI_TXE" addr="0x8030" irq="10" enable="SPI_ICR.TXIE" pending="SPI_SR.TXE" priority="ITC_SPR3.VECT10SPR"/>
    <interrupt name="SPI_WKUP" addr="0x8030" irq="10" enable="SPI_ICR.WKIE" pending="SPI_SR.WKUP" priority="ITC_SPR3.VECT10SPR"/>
    <interrupt name="TIM1_CAPCOM_BIF" addr="0x8034" irq="11" enable="TIM1_IER.BIE" pending="TIM1_SR1.BIF" priority="ITC_SPR3.VECT11SPR"/>
    <interrupt name="TIM1_CAPCOM_TIF" addr="0x8034" irq="11" enable="TIM1_IER.TIE" pending="TIM1_SR1.TIF" priority="ITC_SPR3.VECT11SPR"/>
    <interrupt name="TIM1_OVR_UIF" addr="0x8034" irq="11" enable="TIM1_IER.UIE" pending="TIM1_SR1.UIF" priority="ITC_SPR3.VECT11SPR"/>
    <interrupt name="TIM1_CAPCOM_CC1IF" addr="0x8038" irq="12" enable="TIM1_IER.CC1IE" pending="TIM1_SR1.CC1IF" priority="ITC_SPR4.VECT12SPR"/>
    <interrupt name="TIM1_CAPCOM_CC2IF" addr="0x8038" irq="12" enable="TIM1_IER.CC2IE" pending="TIM1_SR1.CC2IF" priority="ITC_SPR4.VECT12SPR"/>
    <interrupt name="TIM1_CAPCOM_CC3IF" addr="0x8038" irq="12" enable="TIM1_IER.CC3IE" pending="TIM1_SR1.CC3IF" priority="ITC_SPR4.VECT12SPR"/>
    <interrupt name="TIM1_CAPCOM_CC4IF" addr="0x8038" irq="12" enable="TIM1_IER.CC4IE" pending="TIM1_SR1.CC4IF" priority="ITC_SPR4.VECT12SPR"/>
    <interrupt name="TIM1_CAPCOM_COMIF" addr="0x8038" irq="12" enable="TIM1_IER.COMIE" pending="TIM1_SR1.COMIF" priority="ITC_SPR4.VECT12SPR"/>
    <interrupt name="TIM2_OVR_UIF" addr="0x803C" irq="13" enable="TIM2_IER.UIE" pending="TIM2_SR1.UIF" priority="ITC_SPR4.VECT13SPR"/>
    <interrupt name="TIM2_CAPCOM_CC1IF" addr="0x8040" irq="14" enable="TIM2_IER.CC1IE" pending="TIM2_SR1.CC1IF" priority="ITC_SPR4.VECT14SPR"/>
    <interrupt name="TIM2_CAPCOM_CC2IF" addr="0x8040" irq="14" enable="TIM2_IER.CC2IE" pending="TIM2_SR1.CC2IF" priority="ITC_SPR4.VECT14SPR"/>
    <interrupt name="TIM2_CAPCOM_CC3IF" addr="0x8040" irq="14" enable="TIM2_IER.CC3IE" pending="TIM2_SR1.CC3IF" priority="ITC_SPR4.VECT14SPR"/>
    <interrupt name="TIM2_CAPCOM_TIF" addr="0x8040" irq="14" enable="TIM2_IER.TIE" pending="TIM2_SR1.TIF" priority="ITC_SPR4.VECT14SPR"/>
    <interrupt name="UART1_T_TC" addr="0x804C" irq="17" enable="UART1_CR2.TCIEN" pending="UART1_SR.TC" priority="ITC_SPR5.VECT17SPR"/>
    <interrupt name="UART1_T_TXE" addr="0x804C" irq="17" enable="UART1_CR2.TIEN" pending="UART1_SR.TXE" priority="ITC_SPR5.VECT17SPR"/>
    <interrupt name="UART1_R_IDLE" addr="0x8050" irq="18" enable="UART1_CR2.ILIEN" pending="UART1_SR.IDLE" priority="ITC_SPR5.VECT18SPR"/>
    <interrupt name="UART1_R_LBDF" addr="0x8050" irq="18" enable="UART1_CR4.LBDIEN" pending="UART1_CR4.LBDF" priority="ITC_SPR5.VECT18SPR"/>
    <interrupt name="UART1_R_OR" addr="0x8050" irq="18" enable="UART1_CR2.RIEN" pending="UART1_SR.OR_LHE" priority="ITC_SPR5.VECT18SPR"/>
    <interrupt name="UART1_R_PE" addr="0x8050" irq="18" enable="UART1_CR1.PIEN" pending="UART1_SR.PE" priority="ITC_SPR5.VECT18SPR"/>
    <interrupt name="UART1_R_RXNE" addr="0x8050" irq="18" enable="UART1_CR2.RIEN" pending="UART1_SR.RXNE" priority="ITC_SPR5.VECT18SPR"/>
    <interrupt name="I2C_ADD10" addr="0x8054" irq="19" enable="I2C_ITR.ITEVTEN" pending="I2C_SR1.ADD10" priority="ITC_SPR5.VECT19SPR"/>
    <interrupt name="I2C_ADDR" addr="0x8054" irq="19" enable="I2C_ITR.ITEVTEN" pending="I2C_SR1.ADDR" priority="ITC_SPR5.VECT19SPR"/>
    <interrupt name="I2C_AF" addr="0x8054" irq="19" enable="I2C_ITR.ITEVTEN" pending="I2C_SR2.AF" priority="ITC_SPR5.VECT19SPR"/>
    <interrupt name="I2C_ARLO" addr="0x8054" irq="19" enable="I2C_ITR.ITEVTEN" pending="I2C_SR2.ARLO" priority="ITC_SPR5.VECT19SPR"/>
    <interrupt name="I2C_BERR" addr="0x8054" irq="19" enable="I2C_ITR.ITEVTEN" pending="I2C_SR2.BERR" priority="ITC_SPR5.VECT19SPR"/>
    <interrupt name="I2C_BTF" addr="0x8054" irq="19" enable="I2C_ITR.ITEVTEN" pending="I2C_SR1.BTF" priority="ITC_SPR5.VECT19SPR"/>
    <interrupt name="I2C_OVR" addr="0x8054" irq="19" enable="I2C_ITR.ITEVTEN" pending="I2C_SR2.OVR" priority="ITC_SPR5.VECT19SPR"/>
    <interrupt name="I2C_RXNE" addr="0x8054" irq="19" enable="I2C_ITR.ITBUFEN" pending="I2C_SR1.RXNE" priority="ITC_SPR5.VECT19SPR"/>
    <interrupt name="I2C_SB" addr="0x8054" irq="19" enable="I2C_ITR.ITEVTEN" pending="I2C_SR1.SB" priority="ITC_SPR5.VECT19SPR"/>
    <interrupt name="I2C_STOPF" addr="0x8054" irq="19" enable="I2C_ITR.ITEVTEN" pending="I2C_SR1.STOPF" priority="ITC_SPR5.VECT19SPR"/>
    <interrupt name="I2C_TXE" addr="0x8054" irq="19" enable="I2C_ITR.ITBUFEN" pending="I2C_SR1.TXE" priority="ITC_SPR5.VECT19SPR"/>
    <interrupt name="I2C_WUFH" addr="0x8054" irq="19" enable="I2C_ITR.ITEVTEN" pending="I2C_SR2.WUFH" priority="ITC_SPR5.VECT19SPR"/>
    <interrupt name="ADC1_AWDG" addr="0x8060" irq="22" enable="ADC_CSR.AWDIE" pending="ADC_CSR.AWD" priority="ITC_SPR6.VECT22SPR"/>
    <interrupt name="ADC1_AWS0" addr="0x8060" irq="22" enable="ADC_AWCRL.AWEN0" pending="ADC_AWSRL.AWS0" priority="ITC_SPR6.VECT22SPR"/>
    <interrupt name="ADC1_AWS1" addr="0x8060" irq="22" enable="ADC_AWCRL.AWEN1" pending="ADC_AWSRL.AWS1" priority="ITC_SPR6.VECT22SPR"/>
    <interrupt name="ADC1_AWS2" addr="0x8060" irq="22" enable="ADC_AWCRL.AWEN2" pending="ADC_AWSRL.AWS2" priority="ITC_SPR6.VECT22SPR"/>
    <interrupt name="ADC1_AWS3" addr="0x8060" irq="22" enable="ADC_AWCRL.AWEN3" pending="ADC_AWSRL.AWS3" priority="ITC_SPR6.VECT22SPR"/>
    <interrupt name="ADC1_AWS4" addr="0x8060" irq="22" enable="ADC_AWCRL.AWEN4" pending="ADC_AWSRL.AWS4" priority="ITC_SPR6.VECT22SPR"/>
    <interrupt name="ADC1_AWS5" addr="0x8060" irq="22" enable="ADC_AWCRL.AWEN5" pending="ADC_AWSRL.AWS5" priority="ITC_SPR6.VECT22SPR"/>
    <interrupt name="ADC1_AWS6" addr="0x8060" irq="22" enable="ADC_AWCRL.AWEN6" pending="ADC_AWSRL.AWS6" priority="ITC_SPR6.VECT22SPR"/>
    <interrupt name="ADC1_AWS7" addr="0x8060" irq="22" enable="ADC_AWCRL.AWEN7" pending="ADC_AWSRL.AWS7" priority="ITC_SPR6.VECT22SPR"/>
    <interrupt name="ADC1_AWS8" addr="0x8060" irq="22" enable="ADC_AWCRH.AWEN8" pending="ADC_AWSRH.AWS8" priority="ITC_SPR6.VECT22SPR"/>
    <interrupt name="ADC1_AWS9" addr="0x8060" irq="22" enable="ADC_AWCRH.AWEN9" pending="ADC_AWSRH.AWS9" priority="ITC_SPR6.VECT22SPR"/>
    <interrupt name="ADC1_EOC" addr="0x8060" irq="22" enable="ADC_CSR.EOCIE" pending="ADC_CSR.EOC" priority="ITC_SPR6.VECT22SPR"/>
    <interrupt name="TIM4_OVR_UIF" addr="0x8064" irq="23" enable="TIM4_IER.UIE" pending="TIM4_SR.UIF" priority="ITC_SPR6.VECT23SPR"/>
    <interrupt name="FLASH_EOP" addr="0x8068" irq="24" enable="FLASH_CR1.IE" pending="FLASH_IAPSR.EOP" priority="ITC_SPR6.VECT24SPR"/>
    <interrupt name="FLASH_WR_PG_DIS" addr="0x8068" irq="24" enable="FLASH_CR1.IE" pending="FLASH_IAPSR.WR_PG_DIS" priority="ITC_SPR6.VECT24SPR"/>
  </interrupt_table>
  <special_function_registers>
    <module name="ADC1">
      <SFR address="0x53E0">
        <register name="DB0RH" description="ADC data buffer registers" resetvalue="0x00">
          <bitfield name="DBH" bits="0-7"/>
        </register>
      </SFR>
      <SFR address="0x53E1">
        <register name="DB0RL" description="ADC data buffer registers" resetvalue="0x00">
          <bitfield name="DL" bits="0-7"/>
        </register>
      </SFR>
      <SFR address="0x53E2">
        <register name="DB1RH" description="ADC data buffer registers" resetvalue="0x00">
          <bitfield name="DBH" bits="0-7"/>
        </register>
      </SFR>
      <SFR address="0x53E3">
        <register name="DB1RL" description="ADC data buffer registers" resetvalue="0x00">
          <bitfield name="DL" bits="0-7"/>
        </register>
      </SFR>
      <SFR address="0x53E4">
        <register name="DB2RH" description="ADC data buffer registers" resetvalue="0x00">
          <bitfield name="DBH" bits="0-7"/>
        </register>
      </SFR>
      <SFR address="0x53E5">
        <register name="DB2RL" description="ADC data buffer registers" resetvalue="0x00">
          <bitfield name="DL" bits="0-7"/>
        </register>
      </SFR>
      <SFR address="0x53E6">
        <register name="DB3RH" description="ADC data buffer registers" resetvalue="0x00">
          <bitfield name="DBH" bits="0-7"/>
        </register>
      </SFR>
      <SFR address="0x53E7">
        <register name="DB3RL" description="ADC data buffer registers" resetvalue="0x00">
          <bitfield name="DL" bits="0-7"/>
        </register>
      </SFR>
      <SFR address="0x53E8">
        <register name="DB4RH" description="ADC data buffer registers" resetvalue="0x00">
          <bitfield name="DBH" bits="0-7"/>
        </register>
      </SFR>
      <SFR address="0x53E9">
        <register name="DB4RL" description="ADC data buffer registers" resetvalue="0x00">
          <bitfield name="DL" bits="0-7"/>
        </register>
      </SFR>
      <SFR address="0x53EA">
        <register name="DB5RH" description="ADC data buffer registers" resetvalue="0x00">
          <bitfield name="DBH" bits="0-7"/>
        </register>
      </SFR>
      <SFR address="0x53EB">
        <register name="DB5RL" description="ADC data buffer registers" resetvalue="0x00">
          <bitfield name="DL" bits="0-7"/>
        </register>
      </SFR>
      <SFR address="0x53EC">
        <register name="DB6RH" description="ADC data buffer registers" resetvalue="0x00">
          <bitfield name="DBH" bits="0-7"/>
        </register>
      </SFR>
      <SFR address="0x53ED">
        <register name="DB6RL" description="ADC data buffer registers" resetvalue="0x00">
          <bitfield name="DL" bits="0-7"/>
        </register>
      </SFR>
      <SFR address="0x53EE">
        <register name="DB7RH" description="ADC data buffer registers" resetvalue="0x00">
          <bitfield name="DBH" bits="0-7"/>
        </register>
      </SFR>
      <SFR address="0x53EF">
        <register name="DB7RL" description="ADC data buffer registers" resetvalue="0x00">
          <bitfield name="DL" bits="0-7"/>
        </register>
      </SFR>
      <SFR address="0x53F0">
        <register name="DB8RH" description="ADC data buffer registers" resetvalue="0x00">
          <bitfield name="DBH" bits="0-7"/>
        </register>
      </SFR>
      <SFR address="0x53F1">
        <register name="DB8RL" description="ADC data buffer registers" resetvalue="0x00">
          <bitfield name="DL" bits="0-7"/>
        </register>
      </SFR>
      <SFR address="0x53F2">
        <register name="DB9RH" description="ADC data buffer registers" resetvalue="0x00">
          <bitfield name="DBH" bits="0-7"/>
        </register>
      </SFR>
      <SFR address="0x53F3">
        <register name="DB9RL" description="ADC data buffer registers" resetvalue="0x00">
          <bitfield name="DL" bits="0-7"/>
        </register>
      </SFR>
      <SFR address="0x5400">
        <register name="CSR" description="ADC control/status register" resetvalue="0x00">
          <bitfield name="CH" bits="0-3"/>
          <bitfield name="AWDIE" bits="4"/>
          <bitfield name="EOCIE" bits="5"/>
          <bitfield name="AWD" bits="6"/>
          <bitfield name="EOC" bits="7"/>
        </register>
      </SFR>
      <SFR address="0x5401">
        <register name="CR1" description="ADC configuration register 1" resetvalue="0x00">
          <bitfield name="ADON" bits="0"/>
          <bitfield name="CONT" bits="1"/>
          <bitfield name="SPSEL" bits="4-6"/>
        </register>
      </SFR>
      <SFR address="0x5402">
        <register name="CR2" description="ADC configuration register 2" resetvalue="0x00">
          <bitfield name="SCAN" bits="1"/>
          <bitfield name="ALIGN" bits="3"/>
          <bitfield name="EXTSEL" bits="4-5"/>
          <bitfield name="EXTTRIG" bits="6"/>
        </register>
      </SFR>
      <SFR address="0x5403">
        <register name="CR3" description="ADC configuration register 3" resetvalue="0x00">
          <bitfield name="OVR" bits="6"/>
          <bitfield name="DBUF" bits="7"/>
        </register>
      </SFR>
      <SFR address="0x5404">
        <register name="DRH" description="ADC data register high" resetvalue="0x00">
          <bitfield name="DH" bits="0-7"/>
        </register>
      </SFR>
      <SFR address="0x5405">
        <register name="DRL" description="ADC data register low" resetvalue="0x00">
          <bitfield name="DL" bits="0-7"/>
        </register>
      </SFR>
      <SFR address="0x5406">
        <register name="TDRH" description="ADC Schmitt trigger disable register high" resetvalue="0x00">
          <bitfield name="TD" bits="0-7"/>
        </register>
      </SFR>
      <SFR address="0x5407">
        <register name="TDRL" description="ADC Schmitt trigger disable register low" resetvalue="0x00">
          <bitfield name="TL" bits="0-7"/>
        </register>
      </SFR>
      <SFR address="0x5408">
        <register name="HTRH" description="ADC high threshold register high" resetvalue="0x03">
          <bitfield name="HT" bits="0-7"/>
        </register>
      </SFR>
      <SFR address="0x5409">
        <register name="HTRL" description="ADC high threshold register low" resetvalue="0xFF">
          <bitfield name="HT" bits="0-1"/>
        </register>
      </SFR>
      <SFR address="0x540A">
        <register name="LTRH" description="ADC low threshold register high" resetvalue="0x00">
          <bitfield name="LT" bits="0-7"/>
        </register>
      </SFR>
      <SFR address="0x540B">
        <register name="LTRL" description="ADC low threshold register low" resetvalue="0x00">
          <bitfield name="LT" bits="0-1"/>
        </register>
      </SFR>
      <SFR address="0x540C">
        <register name="AWSRH" description="ADC analog watchdog status register high" resetvalue="0x00">
          <bitfield name="AWS8" bits="0"/>
          <bitfield name="AWS9" bits="1"/>
        </register>
      </SFR>
      <SFR address="0x540D">
        <register name="AWSRL" description="ADC analog watchdog status register low" resetvalue="0x00">
          <bitfield name="AWS0" bits="0"/>
          <bitfield name="AWS1" bits="1"/>
          <bitfield name="AWS2" bits="2"/>
          <bitfield name="AWS3" bits="3"/>
          <bitfield name="AWS4" bits="4"/>
          <bitfield name="AWS5" bits="5"/>
          <bitfield name="AWS6" bits="6"/>
          <bitfield name="AWS7" bits="7"/>
        </register>
      </SFR>
      <SFR address="0x540E">
        <register name="AWCRH" description="ADC analog watchdog control register high" resetvalue="0x00">
          <bitfield name="AWEN8" bits="0"/>
          <bitfield name="AWEN9" bits="1"/>
        </register>
      </SFR>
      <SFR address="0x540F">
        <register name="AWCRL" description="ADC analog watchdog control register low" resetvalue="0x00">
          <bitfield name="AWEN0" bits="0"/>
          <bitfield name="AWEN1" bits="1"/>
          <bitfield name="AWEN2" bits="2"/>
          <bitfield name="AWEN3" bits="3"/>
          <bitfield name="AWEN4" bits="4"/>
          <bitfield name="AWEN5" bits="5"/>
          <bitfield name="AWEN6" bits="6"/>
          <bitfield name="AWEN7" bits="7"/>
        </register>
      </SFR>
    </module>
    <module name="AWU">
      <SFR address="0x50F0">
        <register name="CSR1" description="AWU control/status register 1" resetvalue="0x00">
          <bitfield name="MSR" bits="0"/>
          <bitfield name="AWUEN" bits="4"/>
          <bitfield name="AWUF" bits="5"/>
        </register>
      </SFR>
      <SFR address="0x50F1">
        <register name="APR" description="AWU asynchronous prescaler buffer register" resetvalue="0x3F">
          <bitfield name="APR" bits="0-5"/>
        </register>
      </SFR>
      <SFR address="0x50F2">
        <register name="TBR" description="AWU timebase selection register" resetvalue="0x00">
          <bitfield name="AWUTB" bits="0-3"/>
        </register>
      </SFR>
    </module>
    <module name="BEEP">
      <SFR address="0x50F3">
        <register name="CSR" description="BEEP control/status register" resetvalue="0x1F">
          <bitfield name="BEEPDIV" bits="0-4"/>
          <bitfield name="BEEPEN" bits="5"/>
          <bitfield name="BEEPSEL" bits="6-7"/>
        </register>
      </SFR>
    </module>
    <module name="CLK">
      <SFR address="0x50C0">
        <register name="ICKR" description="Internal clock control register" resetvalue="0x01">
          <bitfield name="HSIEN" bits="0"/>
          <bitfield name="HSIRDY" bits="1"/>
          <bitfield name="FHW" bits="2"/>
          <bitfield name="LSIEN" bits="3"/>
          <bitfield name="LSIRDY" bits="4"/>
          <bitfield name="REGAH" bits="5"/>
        </register>
      </SFR>
      <SFR address="0x50C1">
        <register name="ECKR" description="External clock control register" resetvalue="0x00">
          <bitfield name="HSEEN" bits="0"/>
          <bitfield name="HSERDY" bits="1"/>
        </register>
      </SFR>
      <SFR address="0x50C3">
        <register name="CMSR" description="Clock master status register" resetvalue="0xE1">
          <bitfield name="CKM" bits="0-7"/>
        </register>
      </SFR>
      <SFR address="0x50C4">
        <register name="SWR" description="Clock master switch register" resetvalue="0xE1">
          <bitfield name="SWI" bits="0-7"/>
        </register>
      </SFR>
      <SFR address="0x50C5">
        <register name="SWCR" description="Clock switch control register" resetvalue="0x00">
          <bitfield name="SWBSY" bits="0"/>
          <bitfield name="SWEN" bits="1"/>
          <bitfield name="SWIEN" bits="2"/>
          <bitfield name="SWIF" bits="3"/>
        </register>
      </SFR>
      <SFR address="0x50C6">
        <register name="CKDIVR" description="Clock divider register" resetvalue="0x18">
          <bitfield name="CPUDIV" bits="0-2"/>
          <bitfield name="HSIDIV" bits="3-4"/>
        </register>
      </SFR>
      <SFR address="0x50C7">
        <register name="PCKENR1" description="Peripheral clock gating register 1" resetvalue="0xFF">
          <bitfield name="PCKEN" bits="0-7"/>
        </register>
      </SFR>
      <SFR address="0x50C8">
        <register name="CSSR" description="Clock security system register" resetvalue="0x00">
          <bitfield name="CSSEN" bits="0"/>
          <bitfield name="AUX" bits="1"/>
          <bitfield name="CSSDIE" bits="2"/>
          <bitfield name="CSSD" bits="3"/>
        </register>
      </SFR>
      <SFR address="0x50C9">
        <register name="CCOR" description="Configurable clock control register" resetvalue="0x00">
          <bitfield name="CCOEN" bits="0"/>
          <bitfield name="CCOSEL" bits="1-4"/>
          <bitfield name="CCORDY" bits="5"/>
          <bitfield name="CC0BSY" bits="6"/>
        </register>
      </SFR>
      <SFR address="0x50CA">
        <register name="PCKENR2" description="Peripheral clock gating register 2" resetvalue="0xFF">
          <bitfield name="PCKEN2" bits="0-7"/>
        </register>
      </SFR>
      <SFR address="0x50CB">
        <register name="CANCCR" description="CAN clock control register" resetvalue="0x00">
          <bitfield name="CANDIV" bits="0-2"/>
        </register>
      </SFR>
      <SFR address="0x50CC">
        <register name="HSITRIMR" description="HSI clock calibration trimming register" resetvalue="0x00">
          <bitfield name="HSITRIM" bits="0-3"/>
        </register>
      </SFR>
      <SFR address="0x50CD">
        <register name="SWIMCCR" description="SWIM clock control register" resetvalue="0x00">
          <bitfield name="SWIMCLK" bits="0"/>
        </register>
      </SFR>
    </module>
    <module name="CPU">
      <SFR address="0x7F00">
        <register name="A" description="Accumulator" resetvalue="0x00"/>
      </SFR>
      <SFR address="0x7F01">
        <register name="PCE" description="Program counter extended" resetvalue="0x00"/>
      </SFR>
      <SFR address="0x7F02">
        <register name="PCH" description="Program counter high" resetvalue="0x00"/>
      </SFR>
      <SFR address="0x7F03">
        <register name="PCL" description="Program counter low" resetvalue="0x00"/>
      </SFR>
      <SFR address="0x7F04">
        <register name="XH" description="X index register high" resetvalue="0x00"/>
      </SFR>
      <SFR address="0x7F05">
        <register name="XL" description="X index register low" resetvalue="0x00"/>
      </SFR>
      <SFR address="0x7F06">
        <register name="YH" description="Y index register high" resetvalue="0x00"/>
      </SFR>
      <SFR address="0x7F07">
        <register name="YL" description="Y index register low" resetvalue="0x00"/>
      </SFR>
      <SFR address="0x7F08">
        <register name="SPH" description="Stack pointer high" resetvalue="0x03"/>
      </SFR>
      <SFR address="0x7F09">
        <register name="SPL" description="Stack pointer low" resetvalue="0xFF"/>
      </SFR>
      <SFR address="0x7F0A">
        <register name="CCR" description="Condition code register" resetvalue="0x28">
          <bitfield name="C" bits="0"/>
          <bitfield name="Z" bits="1"/>
          <bitfield name="NF" bits="2"/>
          <bitfield name="I0" bits="3"/>
          <bitfield name="H" bits="4"/>
          <bitfield name="I1" bits="5"/>
          <bitfield name="V" bits="7"/>
        </register>
      </SFR>
      <SFR address="0x7F60">
        <register name="CFG_GCR" description="Global configuration register" resetvalue="0x00">
          <bitfield name="SWO" bits="0"/>
          <bitfield name="AL" bits="1"/>
        </register>
      </SFR>
    </module>
    <module name="DM">
      <SFR address="0x7F90">
        <register name="BK1RE" description="DM breakpoint 1 register extended byte" resetvalue="0xFF"/>
      </SFR>
      <SFR address="0x7F91">
        <register name="BK1RH" description="DM breakpoint 1 register high byte" resetvalue="0xFF"/>
      </SFR>
      <SFR address="0x7F92">
        <register name="BK1RL" description="DM breakpoint 1 register low byte" resetvalue="0xFF"/>
      </SFR>
      <SFR address="0x7F93">
        <register name="BK2RE" description="DM breakpoint 2 register extended byte" resetvalue="0xFF"/>
      </SFR>
      <SFR address="0x7F94">
        <register name="BK2RH" description="DM breakpoint 2 register high byte" resetvalue="0xFF"/>
      </SFR>
      <SFR address="0x7F95">
        <register name="BK2RL" description="DM breakpoint 2 register low byte" resetvalue="0xFF"/>
      </SFR>
      <SFR address="0x7F96">
        <register name="CR1" description="DM debug module control register 1" resetvalue="0x00"/>
      </SFR>
      <SFR address="0x7F97">
        <register name="CR2" description="DM debug module control register 2" resetvalue="0x00"/>
      </SFR>
      <SFR address="0x7F98">
        <register name="CSR1" description="DM debug module control/status register 1" resetvalue="0x10"/>
      </SFR>
      <SFR address="0x7F99">
        <register name="CSR2" description="DM debug module control/status register 2" resetvalue="0x00"/>
      </SFR>
      <SFR address="0x7F9A">
        <register name="ENFCTR" description="DM enable function register" resetvalue="0xFF"/>
      </SFR>
    </module>
    <module name="FLASH">
      <SFR address="0x505A">
        <register name="CR1" description="Flash control register 1" resetvalue="0x00">
          <bitfield name="FIX" bits="0"/>
          <bitfield name="IE" bits="1"/>
          <bitfield name="AHALT" bits="2"/>
          <bitfield name="HALT" bits="3"/>
        </register>
      </SFR>
      <SFR address="0x505B">
        <register name="CR2" description="Flash control register 2" resetvalue="0x00">
          <bitfield name="PRG" bits="0"/>
          <bitfield name="FPRG" bits="4"/>
          <bitfield name="ERASE" bits="5"/>
          <bitfield name="WPRG" bits="6"/>
          <bitfield name="OPT" bits="7"/>
        </register>
      </SFR>
      <SFR address="0x505C">
        <register name="NCR2" description="Flash complementary control register 2" resetvalue="0xFF">
          <bitfield name="NPRG" bits="0"/>
          <bitfield name="NFPRG" bits="4"/>
          <bitfield name="NERASE" bits="5"/>
          <bitfield name="NWPRG" bits="6"/>
          <bitfield name="NOPT" bits="7"/>
        </register>
      </SFR>
      <SFR address="0x505D">
        <register name="FPR" description="Flash protection register" resetvalue="0x00">
          <bitfield name="WPB0" bits="0"/>
          <bitfield name="WPB1" bits="1"/>
          <bitfield name="WPB2" bits="2"/>
          <bitfield name="WPB3" bits="3"/>
          <bitfield name="WPB4" bits="4"/>
          <bitfield name="WPB5" bits="5"/>
        </register>
      </SFR>
      <SFR address="0x505E">
        <register name="NFPR" description="Flash complementary protection register" resetvalue="0xFF">
          <bitfield name="NWPB0" bits="0"/>
          <bitfield name="NWPB1" bits="1"/>
          <bitfield name="NWPB2" bits="2"/>
          <bitfield name="NWPB3" bits="3"/>
          <bitfield name="NWPB4" bits="4"/>
          <bitfield name="NWPB5" bits="5"/>
        </register>
      </SFR>
      <SFR address="0x505F">
        <register name="IAPSR" description="Flash in-application programming status register" resetvalue="0x00">
          <bitfield name="WR_PG_DIS" bits="0"/>
          <bitfield name="PUL" bits="1"/>
          <bitfield name="EOP" bits="2"/>
          <bitfield name="DUL" bits="3"/>
          <bitfield name="HVOFF" bits="6"/>
        </register>
      </SFR>
      <SFR address="0x5062">
        <register name="PUKR" description="Flash program memory unprotection register" resetvalue="0x00">
          <bitfield name="MASS_PRG" bits="0-7"/>
        </register>
      </SFR>
      <SFR address="0x5064">
        <register name="DUKR" description="Data EEPROM unprotection register" resetvalue="0x00">
          <bitfield name="MASS_DATA" bits="0-7"/>
        </register>
      </SFR>
    </module>
    <module name="I2C">
      <SFR address="0x5210">
        <register name="CR1" description="I2C control register 1" resetvalue="0x00">
          <bitfield name="PE" bits="0"/>
          <bitfield name="ENGC" bits="6"/>
          <bitfield name="NOSTRETCH" bits="7"/>
        </register>
      </SFR>
      <SFR address="0x5211">
        <register name="CR2" description="I2C control register 2" resetvalue="0x00">
          <bitfield name="START" bits="0"/>
          <bitfield name="STOP" bits="1"/>
          <bitfield name="ACK" bits="2"/>
          <bitfield name="POS" bits="3"/>
          <bitfield name="SWRST" bits="7"/>
        </register>
      </SFR>
      <SFR address="0x5212">
        <register name="FREQR" description="I2C frequency register" resetvalue="0x00">
          <bitfield name="FREQ" bits="0-5"/>
        </register>
      </SFR>
      <SFR address="0x5213">
        <register name="OARL" description="I2C Own address register low" resetvalue="0x00">
          <bitfield name="ADD0" bits="0"/>
          <bitfield name="ADD" bits="1-7"/>
        </register>
      </SFR>
      <SFR address="0x5214">
        <register name="OARH" description="I2C Own address register high" resetvalue="0x00">
          <bitfield name="ADD" bits="1-2"/>
          <bitfield name="ADDCONF" bits="6"/>
          <bitfield name="ADDMODE" bits="7"/>
        </register>
      </SFR>
      <SFR address="0x5216">
        <register name="DR" description="I2C data register" resetvalue="0x00">
          <bitfield name="DR" bits="0-7"/>
        </register>
      </SFR>
      <SFR address="0x5217">
        <register name="SR1" description="I2C status register 1" resetvalue="0x00">
          <bitfield name="SB" bits="0"/>
          <bitfield name="ADDR" bits="1"/>
          <bitfield name="BTF" bits="2"/>
          <bitfield name="ADD10" bits="3"/>
          <bitfield name="STOPF" bits="4"/>
          <bitfield name="RXNE" bits="6"/>
          <bitfield name="TXE" bits="7"/>
        </register>
      </SFR>
      <SFR address="0x5218">
        <register name="SR2" description="I2C status register 2" resetvalue="0x00">
          <bitfield name="BERR" bits="0"/>
          <bitfield name="ARLO" bits="1"/>
          <bitfield name="AF" bits="2"/>
          <bitfield name="OVR" bits="3"/>
          <bitfield name="WUFH" bits="5"/>
        </register>
      </SFR>
      <SFR address="0x5219">
        <register name="SR3" description="I2C status register 3" resetvalue="0x00">
          <bitfield name="MSL" bits="0"/>
          <bitfield name="BUSY" bits="1"/>
          <bitfield name="TRA" bits="2"/>
          <bitfield name="GENCALL" bits="4"/>
        </register>
      </SFR>
      <SFR address="0x521A">
        <register name="ITR" description="I2C interrupt control register" resetvalue="0x00">
          <bitfield name="ITERREN" bits="0"/>
          <bitfield name="ITEVTEN" bits="1"/>
          <bitfield name="ITBUFEN" bits="2"/>
        </register>
      </SFR>
      <SFR address="0x521B">
        <register name="CCRL" description="I2C Clock control register low" resetvalue="0x00">
          <bitfield name="CCR" bits="0-7"/>
        </register>
      </SFR>
      <SFR address="0x521C">
        <register name="CCRH" description="I2C Clock control register high" resetvalue="0x00">
          <bitfield name="CCR" bits="0-3"/>
          <bitfield name="DUTY" bits="6"/>
          <bitfield name="F_S" bits="7"/>
        </register>
      </SFR>
      <SFR address="0x521D">
        <register name="TRISER" description="I2C TRISE register" resetvalue="0x02">
          <bitfield name="TRISE" bits="0-5"/>
        </register>
      </SFR>
      <SFR address="0x521E">
        <register name="PECR" description="I2C packet error checking register" resetvalue="0x00">
          <bitfield name="PEC" bits="0-7"/>
        </register>
      </SFR>
    </module>
    <module name="ITC">
      <SFR address="0x50A0">
        <register name="CR1" description="External interrupt control register 1" resetvalue="0x00">
          <bitfield name="PAIS" bits="0-1"/>
          <bitfield name="PBIS" bits="2-3"/>
          <bitfield name="PCIS" bits="4-5"/>
          <bitfield name="PDIS" bits="6-7"/>
        </register>
      </SFR>
      <SFR address="0x50A1">
        <register name="CR2" description="External interrupt control register 2" resetvalue="0x00">
          <bitfield name="PEIS" bits="0-1"/>
          <bitfield name="TLIS" bits="2"/>
        </register>
      </SFR>
      <SFR address="0x50B3">
        <register name="RST_SR" description="Reset status register" resetvalue="0x00">
          <bitfield name="WWDGF" bits="0"/>
          <bitfield name="IWDGF" bits="1"/>
          <bitfield name="ILLOPF" bits="2"/>
          <bitfield name="SWIMF" bits="3"/>
          <bitfield name="EMCF" bits="4"/>
        </register>
      </SFR>
      <SFR address="0x7F70">
        <register name="SPR1" description="Interrupt software priority register 1" resetvalue="0xFF">
          <bitfield name="VECT0SPR" bits="0-1"/>
          <bitfield name="VECT1SPR" bits="2-3"/>
          <bitfield name="VECT2SPR" bits="4-5"/>
          <bitfield name="VECT3SPR" bits="6-7"/>
        </register>
      </SFR>
      <SFR address="0x7F71">
        <register name="SPR2" description="Interrupt software priority register 2" resetvalue="0xFF">
          <bitfield name="VECT4SPR" bits="0-1"/>
          <bitfield name="VECT5SPR" bits="2-3"/>
          <bitfield name="VECT6SPR" bits="4-5"/>
          <bitfield name="VECT7SPR" bits="6-7"/>
        </register>
      </SFR>
      <SFR address="0x7F72">
        <register name="SPR3" description="Interrupt software priority register 3" resetvalue="0xFF">
          <bitfield name="VECT8SPR" bits="0-1"/>
          <bitfield name="VECT9SPR" bits="2-3"/>
          <bitfield name="VECT10SPR" bits="4-5"/>
          <bitfield name="VECT11SPR" bits="6-7"/>
        </register>
      </SFR>
      <SFR address="0x7F73">
        <register name="SPR4" description="Interrupt software priority register 4" resetvalue="0xFF">
          <bitfield name="VECT12SPR" bits="0-1"/>
          <bitfield name="VECT13SPR" bits="2-3"/>
          <bitfield name="VECT14SPR" bits="4-5"/>
          <bitfield name="VECT15SPR" bits="6-7"/>
        </register>
      </SFR>
      <SFR address="0x7F74">
        <register name="SPR5" description="Interrupt software priority register 5" resetvalue="0xFF">
          <bitfield name="VECT16SPR" bits="0-1"/>
          <bitfield name="VECT17SPR" bits="2-3"/>
          <bitfield name="VECT18SPR" bits="4-5"/>
          <bitfield name="VECT19SPR" bits="6-7"/>
        </register>
      </SFR>
      <SFR address="0x7F75">
        <register name="SPR6" description="Interrupt software priority register 6" resetvalue="0xFF">
          <bitfield name="VECT20SPR" bits="0-1"/>
          <bitfield name="VECT21SPR" bits="2-3"/>
          <bitfield name="VECT22SPR" bits="4-5"/>
          <bitfield name="VECT23SPR" bits="6-7"/>
        </register>
      </SFR>
      <SFR address="0x7F76">
        <register name="SPR7" description="Interrupt software priority register 7" resetvalue="0xFF">
          <bitfield name="VECT24SPR" bits="0-1"/>
          <bitfield name="VECT25SPR" bits="2-3"/>
          <bitfield name="VECT26SPR" bits="4-5"/>
          <bitfield name="VECT27SPR" bits="6-7"/>
        </register>
      </SFR>
      <SFR address="0x7F77">
        <register name="SPR8" description="Interrupt software priority register 8" resetvalue="0xFF">
          <bitfield name="VECT28SPR" bits="0-1"/>
          <bitfield name="VECT29SPR" bits="2-3"/>
        </register>
      </SFR>
    </module>
    <module name="IWDG">
      <SFR address="0x50E0">
        <register name="KR" description="IWDG key register" resetvalue="0x00">
          <bitfield name="KEY" bits="0-7"/>
        </register>
      </SFR>
      <SFR address="0x50E1">
        <register name="PR" description="IWDG prescaler register" resetvalue="0x00">
          <bitfield name="PR" bits="0-2"/>
        </register>
      </SFR>
      <SFR address="0x50E2">
        <register name="RLR" description="IWDG reload register" resetvalue="0xFF">
          <bitfield name="RL" bits="0-7"/>
        </register>
      </SFR>
    </module>
    <module name="OPT">
      <SFR address="0x4800">
        <register name="OPT0" description="Read-out protection (ROP)" resetvalue="0x00"/>
      </SFR>
      <SFR address="0x4801">
        <register name="OPT1" description="User boot code (UBC)" resetvalue="0x00"/>
      </SFR>
      <SFR address="0x4802">
        <register name="NOPT1" description="User boot code (UBC) (complementary byte)" resetvalue="0xFF"/>
      </SFR>
      <SFR address="0x4803">
        <register name="OPT2" description="Alternate function remapping (AFR)" resetvalue="0x00"/>
      </SFR>
      <SFR address="0x4804">
        <register name="NOPT2" description="Alternate function remapping (AFR) (complementary byte)" resetvalue="0xFF"/>
      </SFR>
      <SFR address="0x4805">
        <register name="OPT3" description="Misc. option" resetvalue="0x00"/>
      </SFR>
      <SFR address="0x4806">
        <register name="NOPT3" description="Misc. option (complementary byte)" resetvalue="0xFF"/>
      </SFR>
      <SFR address="0x4807">
        <register name="OPT4" description="Clock option" resetvalue="0x00"/>
      </SFR>
      <SFR address="0x4808">
        <register name="NOPT4" description="Clock option (complementary byte)" resetvalue="0xFF"/>
      </SFR>
      <SFR address="0x4809">
        <register name="OPT5" description="HSE clock startup" resetvalue="0x00"/>
      </SFR>
      <SFR address="0x480A">
        <register name="NOPT5" description="HSE clock startup (complementary byte)" resetvalue="0xFF"/>
      </SFR>
    </module>
    <module name="PORTA">
      <SFR address="0x5000">
        <register name="ODR" description="Port A data output latch register" resetvalue="0x00">
          <bitfield name="ODR0" bits="0"/>
          <bitfield name="ODR1" bits="1"/>
          <bitfield name="ODR2" bits="2"/>
          <bitfield name="ODR3" bits="3"/>
          <bitfield name="ODR4" bits="4"/>
          <bitfield name="ODR5" bits="5"/>
          <bitfield name="ODR6" bits="6"/>
          <bitfield name="ODR7" bits="7"/>
        </register>
      </SFR>
      <SFR address="0x5001">
        <register name="IDR" description="Port A input pin value register" resetvalue="0x00">
          <bitfield name="IDR0" bits="0"/>
          <bitfield name="IDR1" bits="1"/>
          <bitfield name="IDR2" bits="2"/>
          <bitfield name="IDR3" bits="3"/>
          <bitfield name="IDR4" bits="4"/>
          <bitfield name="IDR5" bits="5"/>
          <bitfield name="IDR6" bits="6"/>
          <bitfield name="IDR7" bits="7"/>
        </register>
      </SFR>
      <SFR address="0x5002">
        <register name="DDR" description="Port A data direction register" resetvalue="0x00">
          <bitfield name="DDR0" bits="0"/>
          <bitfield name="DDR1" bits="1"/>
          <bitfield name="DDR2" bits="2"/>
          <bitfield name="DDR3" bits="3"/>
          <bitfield name="DDR4" bits="4"/>
          <bitfield name="DDR5" bits="5"/>
          <bitfield name="DDR6" bits="6"/>
          <bitfield name="DDR7" bits="7"/>
        </register>
      </SFR>
      <SFR address="0x5003">
        <register name="CR1" description="Port A control register 1" resetvalue="0x00">
          <bitfield name="C10" bits="0"/>
          <bitfield name="C11" bits="1"/>
          <bitfield name="C12" bits="2"/>
          <bitfield name="C13" bits="3"/>
          <bitfield name="C14" bits="4"/>
          <bitfield name="C15" bits="5"/>
          <bitfield name="C16" bits="6"/>
          <bitfield name="C17" bits="7"/>
        </register>
      </SFR>
      <SFR address="0x5004">
        <register name="CR2" description="Port A control register 2" resetvalue="0x00">
          <bitfield name="C20" bits="0"/>
          <bitfield name="C21" bits="1"/>
          <bitfield name="C22" bits="2"/>
          <bitfield name="C23" bits="3"/>
          <bitfield name="C24" bits="4"/>
          <bitfield name="C25" bits="5"/>
          <bitfield name="C26" bits="6"/>
          <bitfield name="C27" bits="7"/>
        </register>
      </SFR>
    </module>
    <module name="PORTB">
      <SFR address="0x5005">
        <register name="ODR" description="Port B data output latch register" resetvalue="0x00">
          <bitfield name="ODR0" bits="0"/>
          <bitfield name="ODR1" bits="1"/>
          <bitfield name="ODR2" bits="2"/>
          <bitfield name="ODR3" bits="3"/>
          <bitfield name="ODR4" bits="4"/>
          <bitfield name="ODR5" bits="5"/>
          <bitfield name="ODR6" bits="6"/>
          <bitfield name="ODR7" bits="7"/>
        </register>
      </SFR>
      <SFR address="0x5006">
        <register name="IDR" description="Port B input pin value register" resetvalue="0x00">
          <bitfield name="IDR0" bits="0"/>
          <bitfield name="IDR1" bits="1"/>
          <bitfield name="IDR2" bits="2"/>
          <bitfield name="IDR3" bits="3"/>
          <bitfield name="IDR4" bits="4"/>
          <bitfield name="IDR5" bits="5"/>
          <bitfield name="IDR6" bits="6"/>
          <bitfield name="IDR7" bits="7"/>
        </register>
      </SFR>
      <SFR address="0x5007">
        <register name="DDR" description="Port B data direction register" resetvalue="0x00">
          <bitfield name="DDR0" bits="0"/>
          <bitfield name="DDR1" bits="1"/>
          <bitfield name="DDR2" bits="2"/>
          <bitfield name="DDR3" bits="3"/>
          <bitfield name="DDR4" bits="4"/>
          <bitfield name="DDR5" bits="5"/>
          <bitfield name="DDR6" bits="6"/>
          <bitfield name="DDR7" bits="7"/>
        </register>
      </SFR>
      <SFR address="0x5008">
        <register name="CR1" description="Port B control register 1" resetvalue="0x00">
          <bitfield name="C10" bits="0"/>
          <bitfield name="C11" bits="1"/>
          <bitfield name="C12" bits="2"/>
          <bitfield name="C13" bits="3"/>
          <bitfield name="C14" bits="4"/>
          <bitfield name="C15" bits="5"/>
          <bitfield name="C16" bits="6"/>
          <bitfield name="C17" bits="7"/>
        </register>
      </SFR>
      <SFR address="0x5009">
        <register name="CR2" description="Port B control register 2" resetvalue="0x00">
          <bitfield name="C20" bits="0"/>
          <bitfield name="C21" bits="1"/>
          <bitfield name="C22" bits="2"/>
          <bitfield name="C23" bits="3"/>
          <bitfield name="C24" bits="4"/>
          <bitfield name="C25" bits="5"/>
          <bitfield name="C26" bits="6"/>
          <bitfield name="C27" bits="7"/>
        </register>
      </SFR>
    </module>
    <module name="PORTC">
      <SFR address="0x500A">
        <register name="ODR" description="Port C data output latch register" resetvalue="0x00">
          <bitfield name="ODR0" bits="0"/>
          <bitfield name="ODR1" bits="1"/>
          <bitfield name="ODR2" bits="2"/>
          <bitfield name="ODR3" bits="3"/>
          <bitfield name="ODR4" bits="4"/>
          <bitfield name="ODR5" bits="5"/>
          <bitfield name="ODR6" bits="6"/>
          <bitfield name="ODR7" bits="7"/>
        </register>
      </SFR>
      <SFR address="0x500B">
        <register name="IDR" description="Port C input pin value register" resetvalue="0x00">
          <bitfield name="IDR0" bits="0"/>
          <bitfield name="IDR1" bits="1"/>
          <bitfield name="IDR2" bits="2"/>
          <bitfield name="IDR3" bits="3"/>
          <bitfield name="IDR4" bits="4"/>
          <bitfield name="IDR5" bits="5"/>
          <bitfield name="IDR6" bits="6"/>
          <bitfield name="IDR7" bits="7"/>
        </register>
      </SFR>
      <SFR address="0x500C">
        <register name="DDR" description="Port C data direction register" resetvalue="0x00">
          <bitfield name="DDR0" bits="0"/>
          <bitfield name="DDR1" bits="1"/>
          <bitfield name="DDR2" bits="2"/>
          <bitfield name="DDR3" bits="3"/>
          <bitfield name="DDR4" bits="4"/>
          <bitfield name="DDR5" bits="5"/>
          <bitfield name="DDR6" bits="6"/>
          <bitfield name="DDR7" bits="7"/>
        </register>
      </SFR>
      <SFR address="0x500D">
        <register name="CR1" description="Port C control register 1" resetvalue="0x00">
          <bitfield name="C10" bits="0"/>
          <bitfield name="C11" bits="1"/>
          <bitfield name="C12" bits="2"/>
          <bitfield name="C13" bits="3"/>
          <bitfield name="C14" bits="4"/>
          <bitfield name="C15" bits="5"/>
          <bitfield name="C16" bits="6"/>
          <bitfield name="C17" bits="7"/>
        </register>
      </SFR>
      <SFR address="0x500E">
        <register name="CR2" description="Port C control register 2" resetvalue="0x00">
          <bitfield name="C20" bits="0"/>
          <bitfield name="C21" bits="1"/>
          <bitfield name="C22" bits="2"/>
          <bitfield name="C23" bits="3"/>
          <bitfield name="C24" bits="4"/>
          <bitfield name="C25" bits="5"/>
          <bitfield name="C26" bits="6"/>
          <bitfield name="C27" bits="7"/>
        </register>
      </SFR>
    </module>
    <module name="PORTD">
      <SFR address="0x500F">
        <register name="ODR" description="Port D data output latch register" resetvalue="0x00">
          <bitfield name="ODR0" bits="0"/>
          <bitfield name="ODR1" bits="1"/>
          <bitfield name="ODR2" bits="2"/>
          <bitfield name="ODR3" bits="3"/>
          <bitfield name="ODR4" bits="4"/>
          <bitfield name="ODR5" bits="5"/>
          <bitfield name="ODR6" bits="6"/>
          <bitfield name="ODR7" bits="7"/>
        </register>
      </SFR>
      <SFR address="0x5010">
        <register name="IDR" description="Port D input pin value register" resetvalue="0x00">
          <bitfield name="IDR0" bits="0"/>
          <bitfield name="IDR1" bits="1"/>
          <bitfield name="IDR2" bits="2"/>
          <bitfield name="IDR3" bits="3"/>
          <bitfield name="IDR4" bits="4"/>
          <bitfield name="IDR5" bits="5"/>
          <bitfield name="IDR6" bits="6"/>
          <bitfield name="IDR7" bits="7"/>
        </register>
      </SFR>
      <SFR address="0x5011">
        <register name="DDR" description="Port D data direction register" resetvalue="0x00">
          <bitfield name="DDR0" bits="0"/>
          <bitfield name="DDR1" bits="1"/>
          <bitfield name="DDR2" bits="2"/>
          <bitfield name="DDR3" bits="3"/>
          <bitfield name="DDR4" bits="4"/>
          <bitfield name="DDR5" bits="5"/>
          <bitfield name="DDR6" bits="6"/>
          <bitfield name="DDR7" bits="7"/>
        </register>
      </SFR>
      <SFR address="0x5012">
        <register name="CR1" description="Port D control register 1" resetvalue="0x02">
          <bitfield name="C10" bits="0"/>
          <bitfield name="C11" bits="1"/>
          <bitfield name="C12" bits="2"/>
          <bitfield name="C13" bits="3"/>
          <bitfield name="C14" bits="4"/>
          <bitfield name="C15" bits="5"/>
          <bitfield name="C16" bits="6"/>
          <bitfield name="C17" bits="7"/>
        </register>
      </SFR>
      <SFR address="0x5013">
        <register name="CR2" description="Port D control register 2" resetvalue="0x00">
          <bitfield name="C20" bits="0"/>
          <bitfield name="C21" bits="1"/>
          <bitfield name="C22" bits="2"/>
          <bitfield name="C23" bits="3"/>
          <bitfield name="C24" bits="4"/>
          <bitfield name="C25" bits="5"/>
          <bitfield name="C26" bits="6"/>
          <bitfield name="C27" bits="7"/>
        </register>
      </SFR>
    </module>
    <module name="PORTE">
      <SFR address="0x5014">
        <register name="ODR" description="Port E data output latch register" resetvalue="0x00">
          <bitfield name="ODR0" bits="0"/>
          <bitfield name="ODR1" bits="1"/>
          <bitfield name="ODR2" bits="2"/>
          <bitfield name="ODR3" bits="3"/>
          <bitfield name="ODR4" bits="4"/>
          <bitfield name="ODR5" bits="5"/>
          <bitfield name="ODR6" bits="6"/>
          <bitfield name="ODR7" bits="7"/>
        </register>
      </SFR>
      <SFR address="0x5015">
        <register name="IDR" description="Port E input pin value register" resetvalue="0x00">
          <bitfield name="IDR0" bits="0"/>
          <bitfield name="IDR1" bits="1"/>
          <bitfield name="IDR2" bits="2"/>
          <bitfield name="IDR3" bits="3"/>
          <bitfield name="IDR4" bits="4"/>
          <bitfield name="IDR5" bits="5"/>
          <bitfield name="IDR6" bits="6"/>
          <bitfield name="IDR7" bits="7"/>
        </register>
      </SFR>
      <SFR address="0x5016">
        <register name="DDR" description="Port E data direction register" resetvalue="0x00">
          <bitfield name="DDR0" bits="0"/>
          <bitfield name="DDR1" bits="1"/>
          <bitfield name="DDR2" bits="2"/>
          <bitfield name="DDR3" bits="3"/>
          <bitfield name="DDR4" bits="4"/>
          <bitfield name="DDR5" bits="5"/>
          <bitfield name="DDR6" bits="6"/>
          <bitfield name="DDR7" bits="7"/>
        </register>
      </SFR>
      <SFR address="0x5017">
        <register name="CR1" description="Port E control register 1" resetvalue="0x00">
          <bitfield name="C10" bits="0"/>
          <bitfield name="C11" bits="1"/>
          <bitfield name="C12" bits="2"/>
          <bitfield name="C13" bits="3"/>
          <bitfield name="C14" bits="4"/>
          <bitfield name="C15" bits="5"/>
          <bitfield name="C16" bits="6"/>
          <bitfield name="C17" bits="7"/>
        </register>
      </SFR>
      <SFR address="0x5018">
        <register name="CR2" description="Port E control register 2" resetvalue="0x00">
          <bitfield name="C20" bits="0"/>
          <bitfield name="C21" bits="1"/>
          <bitfield name="C22" bits="2"/>
          <bitfield name="C23" bits="3"/>
          <bitfield name="C24" bits="4"/>
          <bitfield name="C25" bits="5"/>
          <bitfield name="C26" bits="6"/>
          <bitfield name="C27" bits="7"/>
        </register>
      </SFR>
    </module>
    <module name="PORTF">
      <SFR address="0x5019">
        <register name="ODR" description="Port F data output latch register" resetvalue="0x00">
          <bitfield name="ODR0" bits="0"/>
          <bitfield name="ODR1" bits="1"/>
          <bitfield name="ODR2" bits="2"/>
          <bitfield name="ODR3" bits="3"/>
          <bitfield name="ODR4" bits="4"/>
          <bitfield name="ODR5" bits="5"/>
          <bitfield name="ODR6" bits="6"/>
          <bitfield name="ODR7" bits="7"/>
        </register>
      </SFR>
      <SFR address="0x501A">
        <register name="IDR" description="Port F input pin value register" resetvalue="0x00">
          <bitfield name="IDR0" bits="0"/>
          <bitfield name="IDR1" bits="1"/>
          <bitfield name="IDR2" bits="2"/>
          <bitfield name="IDR3" bits="3"/>
          <bitfield name="IDR4" bits="4"/>
          <bitfield name="IDR5" bits="5"/>
          <bitfield name="IDR6" bits="6"/>
          <bitfield name="IDR7" bits="7"/>
        </register>
      </SFR>
      <SFR address="0x501B">
        <register name="DDR" description="Port F data direction register" resetvalue="0x00">
          <bitfield name="DDR0" bits="0"/>
          <bitfield name="DDR1" bits="1"/>
          <bitfield name="DDR2" bits="2"/>
          <bitfield name="DDR3" bits="3"/>
          <bitfield name="DDR4" bits="4"/>
          <bitfield name="DDR5" bits="5"/>
          <bitfield name="DDR6" bits="6"/>
          <bitfield name="DDR7" bits="7"/>
        </register>
      </SFR>
      <SFR address="0x501C">
        <register name="CR1" description="Port F control register 1" resetvalue="0x00">
          <bitfield name="C10" bits="0"/>
          <bitfield name="C11" bits="1"/>
          <bitfield name="C12" bits="2"/>
          <bitfield name="C13" bits="3"/>
          <bitfield name="C14" bits="4"/>
          <bitfield name="C15" bits="5"/>
          <bitfield name="C16" bits="6"/>
          <bitfield name="C17" bits="7"/>
        </register>
      </SFR>
      <SFR address="0x501D">
        <register name="CR2" description="Port F control register 2" resetvalue="0x00">
          <bitfield name="C20" bits="0"/>
          <bitfield name="C21" bits="1"/>
          <bitfield name="C22" bits="2"/>
          <bitfield name="C23" bits="3"/>
          <bitfield name="C24" bits="4"/>
          <bitfield name="C25" bits="5"/>
          <bitfield name="C26" bits="6"/>
          <bitfield name="C27" bits="7"/>
        </register>
      </SFR>
    </module>
    <module name="SPI">
      <SFR address="0x5200">
        <register name="CR1" description="SPI control register 1" resetvalue="0x00">
          <bitfield name="CPHA" bits="0"/>
          <bitfield name="CPOL" bits="1"/>
          <bitfield name="MSTR" bits="2"/>
          <bitfield name="BR" bits="3-5"/>
          <bitfield name="SPE" bits="6"/>
          <bitfield name="LSBFIRST" bits="7"/>
        </register>
      </SFR>
      <SFR address="0x5201">
        <register name="CR2" description="SPI control register 2" resetvalue="0x00">
          <bitfield name="SSI" bits="0"/>
          <bitfield name="SSM" bits="1"/>
          <bitfield name="RXONLY" bits="2"/>
          <bitfield name="CRCNEXT" bits="4"/>
          <bitfield name="CECEN" bits="5"/>
          <bitfield name="BDOE" bits="6"/>
          <bitfield name="BDM" bits="7"/>
        </register>
      </SFR>
      <SFR address="0x5202">
        <register name="ICR" description="SPI interrupt control register" resetvalue="0x00">
          <bitfield name="WKIE" bits="4"/>
          <bitfield name="ERRIE" bits="5"/>
          <bitfield name="RXIE" bits="6"/>
          <bitfield name="TXIE" bits="7"/>
        </register>
      </SFR>
      <SFR address="0x5203">
        <register name="SR" description="SPI status register" resetvalue="0x02">
          <bitfield name="RXNE" bits="0"/>
          <bitfield name="TXE" bits="1"/>
          <bitfield name="WKUP" bits="3"/>
          <bitfield name="CRCERR" bits="4"/>
          <bitfield name="MODF" bits="5"/>
          <bitfield name="OVR" bits="6"/>
          <bitfield name="BSY" bits="7"/>
        </register>
      </SFR>
      <SFR address="0x5204">
        <register name="DR" description="SPI data register" resetvalue="0x00">
          <bitfield name="DR" bits="0-7"/>
        </register>
      </SFR>
      <SFR address="0x5205">
        <register name="CRCPR" description="SPI CRC polynomial register" resetvalue="0x07">
          <bitfield name="CRCPOLY" bits="0-7"/>
        </register>
      </SFR>
      <SFR address="0x5206">
        <register name="RXCRCR" description="SPI Rx CRC register" resetvalue="0xFF">
          <bitfield name="RXCRC" bits="0-7"/>
        </register>
      </SFR>
      <SFR address="0x5207">
        <register name="TXCRCR" description="SPI Tx CRC register" resetvalue="0xFF">
          <bitfield name="TXCRC" bits="0-7"/>
        </register>
      </SFR>
    </module>
    <module name="SWIM">
      <SFR address="0x7F80">
        <register name="CSR" description="SWIM control status register" resetvalue="0x00"/>
      </SFR>
    </module>
    <module name="TIM1">
      <SFR address="0x5250">
        <register name="CR1" description="TIM1 control register 1" resetvalue="0x00">
          <bitfield name="CEN" bits="0"/>
          <bitfield name="UDIS" bits="1"/>
          <bitfield name="URS" bits="2"/>
          <bitfield name="OPM" bits="3"/>
          <bitfield name="DIR" bits="4"/>
          <bitfield name="CMS" bits="5-6"/>
          <bitfield name="ARPE" bits="7"/>
        </register>
      </SFR>
      <SFR address="0x5251">
        <register name="CR2" description="TIM1 control register 2" resetvalue="0x00">
          <bitfield name="CCPG" bits="0"/>
          <bitfield name="COMS" bits="2"/>
          <bitfield name="MMS" bits="4-6"/>
        </register>
      </SFR>
      <SFR address="0x5252">
        <register name="SMCR" description="TIM1 slave mode control register" resetvalue="0x00">
          <bitfield name="SMS" bits="0-2"/>
          <bitfield name="TS" bits="4-6"/>
          <bitfield name="MSM" bits="7"/>
        </register>
      </SFR>
      <SFR address="0x5253">
        <register name="ETR" description="TIM1 external trigger register" resetvalue="0x00">
          <bitfield name="ETF" bits="0-3"/>
          <bitfield name="ETPS" bits="4-5"/>
          <bitfield name="ECE" bits="6"/>
          <bitfield name="ETP" bits="7"/>
        </register>
      </SFR>
      <SFR address="0x5254">
        <register name="IER" description="TIM1 interrupt enable register" resetvalue="0x00">
          <bitfield name="UIE" bits="0"/>
          <bitfield name="CC1IE" bits="1"/>
          <bitfield name="CC2IE" bits="2"/>
          <bitfield name="CC3IE" bits="3"/>
          <bitfield name="CC4IE" bits="4"/>
          <bitfield name="COMIE" bits="5"/>
          <bitfield name="TIE" bits="6"/>
          <bitfield name="BIE" bits="7"/>
        </register>
      </SFR>
      <SFR address="0x5255">
        <register name="SR1" description="TIM1 status register 1" resetvalue="0x00">
          <bitfield name="UIF" bits="0"/>
          <bitfield name="CC1IF" bits="1"/>
          <bitfield name="CC2IF" bits="2"/>
          <bitfield name="CC3IF" bits="3"/>
          <bitfield name="CC4IF" bits="4"/>
          <bitfield name="COMIF" bits="5"/>
          <bitfield name="TIF" bits="6"/>
          <bitfield name="BIF" bits="7"/>
        </register>
      </SFR>
      <SFR address="0x5256">
        <register name="SR2" description="TIM1 status register 2" resetvalue="0x00">
          <bitfield name="CC1OF" bits="1"/>
          <bitfield name="CC2OF" bits="2"/>
          <bitfield name="CC3OF" bits="3"/>
          <bitfield name="CC4OF" bits="4"/>
        </register>
      </SFR>
      <SFR address="0x5257">
        <register name="EGR" description="TIM1 event generation register" resetvalue="0x00">
          <bitfield name="UG" bits="0"/>
          <bitfield name="CC1G" bits="1"/>
          <bitfield name="CC2G" bits="2"/>
          <bitfield name="CC3G" bits="3"/>
          <bitfield name="CC4G" bits="4"/>
          <bitfield name="COMG" bits="5"/>
          <bitfield name="TG" bits="6"/>
          <bitfield name="BG" bits="7"/>
        </register>
      </SFR>
      <SFR address="0x5258">
        <register name="CCMR1" description="TIM1 capture/compare mode register 1" resetvalue="0x00">
          <bitfield name="CC1S" bits="0-1"/>
          <bitfield name="OC1FE" bits="2"/>
          <bitfield name="OC1PE" bits="3"/>
          <bitfield name="OC1M" bits="4-6"/>
          <bitfield name="OC1CE" bits="7"/>
        </register>
      </SFR>
      <SFR address="0x5259">
        <register name="CCMR2" description="TIM1 capture/compare mode register 2" resetvalue="0x00">
          <bitfield name="CC2S" bits="0-1"/>
          <bitfield name="OC2FE" bits="2"/>
          <bitfield name="OC2PE" bits="3"/>
          <bitfield name="OC2M" bits="4-6"/>
          <bitfield name="OC2CE" bits="7"/>
        </register>
      </SFR>
      <SFR address="0x525A">
        <register name="CCMR3" description="TIM1 capture/compare mode register 3" resetvalue="0x00">
          <bitfield name="CC3S" bits="0-1"/>
          <bitfield name="OC3FE" bits="2"/>
          <bitfield name="OC3PE" bits="3"/>
          <bitfield name="OC3M" bits="4-6"/>
          <bitfield name="OC3CE" bits="7"/>
        </register>
      </SFR>
      <SFR address="0x525B">
        <register name="CCMR4" description="TIM1 capture/compare mode register 4" resetvalue="0x00">
          <bitfield name="CC4S" bits="0-1"/>
          <bitfield name="OC4FE" bits="2"/>
          <bitfield name="OC4PE" bits="3"/>
          <bitfield name="OC4M" bits="4-6"/>
          <bitfield name="OC4CE" bits="7"/>
        </register>
      </SFR>
      <SFR address="0x525C">
        <register name="CCER1" description="TIM1 capture/compare enable register 1" resetvalue="0x00">
          <bitfield name="CC1E" bits="0"/>
          <bitfield name="CC1P" bits="1"/>
          <bitfield name="CC1NE" bits="2"/>
          <bitfield name="CC1NP" bits="3"/>
          <bitfield name="CC2E" bits="4"/>
          <bitfield name="CC2P" bits="5"/>
          <bitfield name="CC2NE" bits="6"/>
          <bitfield name="CC2NP" bits="7"/>
        </register>
      </SFR>
      <SFR address="0x525D">
        <register name="CCER2" description="TIM1 capture/compare enable register 2" resetvalue="0x00">
          <bitfield name="CC3E" bits="0"/>
          <bitfield name="CC3P" bits="1"/>
          <bitfield name="CC3NE" bits="2"/>
          <bitfield name="CC3NP" bits="3"/>
          <bitfield name="CC4E" bits="4"/>
          <bitfield name="CC4P" bits="5"/>
        </register>
      </SFR>
      <SFR address="0x525E">
        <register name="CNTRH" description="TIM1 counter high" resetvalue="0x00">
          <bitfield name="CNT" bits="0-7"/>
        </register>
      </SFR>
      <SFR address="0x525F">
        <register name="CNTRL" description="TIM1 counter low" resetvalue="0x00">
          <bitfield name="CNT" bits="0-7"/>
        </register>
      </SFR>
      <SFR address="0x5260">
        <register name="PSCRH" description="TIM1 prescaler register high" resetvalue="0x00">
          <bitfield name="PSC" bits="0-7"/>
        </register>
      </SFR>
      <SFR address="0x5261">
        <register name="PSCRL" description="TIM1 prescaler register low" resetvalue="0x00">
          <bitfield name="PSC" bits="0-7"/>
        </register>
      </SFR>
      <SFR address="0x5262">
        <register name="ARRH" description="TIM1 auto-reload register high" resetvalue="0xFF">
          <bitfield name="ARR" bits="0-7"/>
        </register>
      </SFR>
      <SFR address="0x5263">
        <register name="ARRL" description="TIM1 auto-reload register low" resetvalue="0xFF">
          <bitfield name="ARR" bits="0-7"/>
        </register>
      </SFR>
      <SFR address="0x5264">
        <register name="RCR" description="TIM1 repetition counter register" resetvalue="0x00">
          <bitfield name="REP" bits="0-7"/>
        </register>
      </SFR>
      <SFR address="0x5265">
        <register name="CCR1H" description="TIM1 capture/compare register 1 high" resetvalue="0x00">
          <bitfield name="CCR1" bits="0-7"/>
        </register>
      </SFR>
      <SFR address="0x5266">
        <register name="CCR1L" description="TIM1 capture/compare register 1 low" resetvalue="0x00">
          <bitfield name="CCR1" bits="0-7"/>
        </register>
      </SFR>
      <SFR address="0x5267">
        <register name="CCR2H" description="TIM1 capture/compare register 2 high" resetvalue="0x00">
          <bitfield name="CCR2" bits="0-7"/>
        </register>
      </SFR>
      <SFR address="0x5268">
        <register name="CCR2L" description="TIM1 capture/compare register 2 low" resetvalue="0x00">
          <bitfield name="CCR2" bits="0-7"/>
        </register>
      </SFR>
      <SFR address="0x5269">
        <register name="CCR3H" description="TIM1 capture/compare register 3 high" resetvalue="0x00">
          <bitfield name="CCR3" bits="0-7"/>
        </register>
      </SFR>
      <SFR address="0x526A">
        <register name="CCR3L" description="TIM1 capture/compare register 3 low" resetvalue="0x00">
          <bitfield name="CCR3" bits="0-7"/>
        </register>
      </SFR>
      <SFR address="0x526B">
        <register name="CCR4H" description="TIM1 capture/compare register 4 high" resetvalue="0x00">
          <bitfield name="CCR4" bits="0-7"/>
        </register>
      </SFR>
      <SFR address="0x526C">
        <register name="CCR4L" description="TIM1 capture/compare register 4 low" resetvalue="0x00">
          <bitfield name="CCR4" bits="0-7"/>
        </register>
      </SFR>
      <SFR address="0x526D">
        <register name="BKR" description="TIM1 break register" resetvalue="0x00">
          <bitfield name="LOCK" bits="0-1"/>
          <bitfield name="OSSI" bits="2"/>
          <bitfield name="OSSR" bits="3"/>
          <bitfield name="BKE" bits="4"/>
          <bitfield name="BKP" bits="5"/>
          <bitfield name="AOE" bits="6"/>
          <bitfield name="MOE" bits="7"/>
        </register>
      </SFR>
      <SFR address="0x526E">
        <register name="DTR" description="TIM1 dead-time register" resetvalue="0x00">
          <bitfield name="DTG" bits="0-7"/>
        </register>
      </SFR>
      <SFR address="0x526F">
        <register name="OISR" description="TIM1 output idle state register" resetvalue="0x00">
          <bitfield name="OIS1" bits="0"/>
          <bitfield name="OIS1N" bits="1"/>
          <bitfield name="OIS2" bits="2"/>
          <bitfield name="OIS2N" bits="3"/>
          <bitfield name="OIS3" bits="4"/>
          <bitfield name="OIS3N" bits="5"/>
          <bitfield name="OIS4" bits="6"/>
        </register>
      </SFR>
    </module>
    <module name="TIM2">
      <SFR address="0x5300">
        <register name="CR1" description="TIM2 control register 1" resetvalue="0x00">
          <bitfield name="CEN" bits="0"/>
          <bitfield name="UDIS" bits="1"/>
          <bitfield name="URS" bits="2"/>
          <bitfield name="OPM" bits="3"/>
          <bitfield name="ARPE" bits="7"/>
        </register>
      </SFR>
      <SFR address="0x5303">
        <register name="IER" description="TIM2 Interrupt enable register" resetvalue="0x00">
          <bitfield name="UIE" bits="0"/>
          <bitfield name="CC1IE" bits="1"/>
          <bitfield name="CC2IE" bits="2"/>
          <bitfield name="CC3IE" bits="3"/>
          <bitfield name="TIE" bits="6"/>
        </register>
      </SFR>
      <SFR address="0x5304">
        <register name="SR1" description="TIM2 status register 1" resetvalue="0x00">
          <bitfield name="UIF" bits="0"/>
          <bitfield name="CC1IF" bits="1"/>
          <bitfield name="CC2IF" bits="2"/>
          <bitfield name="CC3IF" bits="3"/>
          <bitfield name="TIF" bits="6"/>
        </register>
      </SFR>
      <SFR address="0x5305">
        <register name="SR2" description="TIM2 status register 2" resetvalue="0x00">
          <bitfield name="CC1OF" bits="1"/>
          <bitfield name="CC2OF" bits="2"/>
          <bitfield name="CC3OF" bits="3"/>
        </register>
      </SFR>
      <SFR address="0x5306">
        <register name="EGR" description="TIM2 event generation register" resetvalue="0x00">
          <bitfield name="UG" bits="0"/>
          <bitfield name="CC1G" bits="1"/>
          <bitfield name="CC2G" bits="2"/>
          <bitfield name="CC3G" bits="3"/>
          <bitfield name="TG" bits="6"/>
        </register>
      </SFR>
      <SFR address="0x5307">
        <register name="CCMR1" description="TIM2 capture/compare mode register 1" resetvalue="0x00">
          <bitfield name="CC1S" bits="0-1"/>
          <bitfield name="OC1PE" bits="3"/>
          <bitfield name="OC1M" bits="4-6"/>
        </register>
      </SFR>
      <SFR address="0x5308">
        <register name="CCMR2" description="TIM2 capture/compare mode register 2" resetvalue="0x00">
          <bitfield name="CC2S" bits="0-1"/>
          <bitfield name="OC2PE" bits="3"/>
          <bitfield name="OC2M" bits="4-6"/>
        </register>
      </SFR>
      <SFR address="0x5309">
        <register name="CCMR3" description="TIM2 capture/compare mode register 3" resetvalue="0x00">
          <bitfield name="CC3S" bits="0-1"/>
          <bitfield name="OC3PE" bits="3"/>
          <bitfield name="OC3M" bits="4-6"/>
        </register>
      </SFR>
      <SFR address="0x530A">
        <register name="CCER1" description="TIM2 capture/compare enable register 1" resetvalue="0x00">
          <bitfield name="CC1E" bits="0"/>
          <bitfield name="CC1P" bits="1"/>
          <bitfield name="CC2E" bits="4"/>
          <bitfield name="CC2P" bits="5"/>
        </register>
      </SFR>
      <SFR address="0x530B">
        <register name="CCER2" description="TIM2 capture/compare enable register 2" resetvalue="0x00">
          <bitfield name="CC3E" bits="0"/>
          <bitfield name="CC3P" bits="1"/>
        </register>
      </SFR>
      <SFR address="0x530C">
        <register name="CNTRH" description="TIM2 counter high" resetvalue="0x00">
          <bitfield name="CNT" bits="0-7"/>
        </register>
      </SFR>
      <SFR address="0x530D">
        <register name="CNTRL" description="TIM2 counter low" resetvalue="0x00">
          <bitfield name="CNT" bits="0-7"/>
        </register>
      </SFR>
      <SFR address="0x530E">
        <register name="PSCR" description="TIM2 prescaler register" resetvalue="0x00">
          <bitfield name="PSC" bits="0-3"/>
        </register>
      </SFR>
      <SFR address="0x530F">
        <register name="ARRH" description="TIM2 auto-reload register high" resetvalue="0xFF">
          <bitfield name="ARR" bits="0-7"/>
        </register>
      </SFR>
      <SFR address="0x5310">
        <register name="ARRL" description="TIM2 auto-reload register low" resetvalue="0xFF">
          <bitfield name="ARR" bits="0-7"/>
        </register>
      </SFR>
      <SFR address="0x5311">
        <register name="CCR1H" description="TIM2 capture/compare register 1 high" resetvalue="0x00">
          <bitfield name="CCR1" bits="0-7"/>
        </register>
      </SFR>
      <SFR address="0x5312">
        <register name="CCR1L" description="TIM2 capture/compare register 1 low" resetvalue="0x00">
          <bitfield name="CCR1" bits="0-7"/>
        </register>
      </SFR>
      <SFR address="0x5313">
        <register name="CCR2H" description="TIM2 capture/compare reg" resetvalue="0x00">
          <bitfield name="CCR2" bits="0-7"/>
        </register>
      </SFR>
      <SFR address="0x5314">
        <register name="CCR2L" description="TIM2 capture/compare register 2 low" resetvalue="0x00">
          <bitfield name="CCR2" bits="0-7"/>
        </register>
      </SFR>
      <SFR address="0x5315">
        <register name="CCR3H" description="TIM2 capture/compare register 3 high" resetvalue="0x00">
          <bitfield name="CCR3" bits="0-7"/>
        </register>
      </SFR>
      <SFR address="0x5316">
        <register name="CCR3L" description="TIM2 capture/compare register 3 low" resetvalue="0x00">
          <bitfield name="CCR3" bits="0-7"/>
        </register>
      </SFR>
    </module>
    <module name="TIM4">
      <SFR address="0x5340">
        <register name="CR1" description="TIM4 control register 1" resetvalue="0x00">
          <bitfield name="CEN" bits="0"/>
          <bitfield name="UDIS" bits="1"/>
          <bitfield name="URS" bits="2"/>
          <bitfield name="OPM" bits="3"/>
          <bitfield name="ARPE" bits="7"/>
        </register>
      </SFR>
      <SFR address="0x5343">
        <register name="IER" description="TIM4 interrupt enable register" resetvalue="0x00">
          <bitfield name="UIE" bits="0"/>
          <bitfield name="TIE" bits="6"/>
        </register>
      </SFR>
      <SFR address="0x5344">
        <register name="SR" description="TIM4 status register" resetvalue="0x00">
          <bitfield name="UIF" bits="0"/>
          <bitfield name="TIF" bits="6"/>
        </register>
      </SFR>
      <SFR address="0x5345">
        <register name="EGR" description="TIM4 event generation register" resetvalue="0x00">
          <bitfield name="UG" bits="0"/>
          <bitfield name="TG" bits="6"/>
        </register>
      </SFR>
      <SFR address="0x5346">
        <register name="CNTR" description="TIM4 counter" resetvalue="0x00">
          <bitfield name="CNT" bits="0-7"/>
        </register>
      </SFR>
      <SFR address="0x5347">
        <register name="PSCR" description="TIM4 prescaler register" resetvalue="0x00">
          <bitfield name="PSC" bits="0-2"/>
        </register>
      </SFR>
      <SFR address="0x5348">
        <register name="ARR" description="TIM4 auto-reload register" resetvalue="0xFF">
          <bitfield name="ARR" bits="0-7"/>
        </register>
      </SFR>
    </module>
    <module name="UART1">
      <SFR address="0x5230">
        <register name="SR" description="UART1 status register" resetvalue="0xC0">
          <bitfield name="PE" bits="0"/>
          <bitfield name="FE" bits="1"/>
          <bitfield name="NF" bits="2"/>
          <bitfield name="OR_LHE" bits="3"/>
          <bitfield name="IDLE" bits="4"/>
          <bitfield name="RXNE" bits="5"/>
          <bitfield name="TC" bits="6"/>
          <bitfield name="TXE" bits="7"/>
        </register>
      </SFR>
      <SFR address="0x5231">
        <register name="DR" description="UART1 data register" resetvalue="0x00">
          <bitfield name="DR" bits="0-7"/>
        </register>
      </SFR>
      <SFR address="0x5232">
        <register name="BRR1" description="UART1 baud rate register 1" resetvalue="0x00">
          <bitfield name="UART_DIV" bits="0-7"/>
        </register>
      </SFR>
      <SFR address="0x5233">
        <register name="BRR2" description="UART1 baud rate register 2" resetvalue="0x00">
          <bitfield name="UART_DIV" bits="0-7"/>
        </register>
      </SFR>
      <SFR address="0x5234">
        <register name="CR1" description="UART1 control register 1" resetvalue="0x00">
          <bitfield name="PIEN" bits="0"/>
          <bitfield name="PS" bits="1"/>
          <bitfield name="PCEN" bits="2"/>
          <bitfield name="WAKE" bits="3"/>
          <bitfield name="M" bits="4"/>
          <bitfield name="UART0" bits="5"/>
          <bitfield name="T8" bits="6"/>
          <bitfield name="R8" bits="7"/>
        </register>
      </SFR>
      <SFR address="0x5235">
        <register name="CR2" description="UART1 control register 2" resetvalue="0x00">
          <bitfield name="SBK" bits="0"/>
          <bitfield name="RWU" bits="1"/>
          <bitfield name="REN" bits="2"/>
          <bitfield name="TEN" bits="3"/>
          <bitfield name="ILIEN" bits="4"/>
          <bitfield name="RIEN" bits="5"/>
          <bitfield name="TCIEN" bits="6"/>
          <bitfield name="TIEN" bits="7"/>
        </register>
      </SFR>
      <SFR address="0x5236">
        <register name="CR3" description="UART1 control register 3" resetvalue="0x00">
          <bitfield name="LBCL" bits="0"/>
          <bitfield name="CPHA" bits="1"/>
          <bitfield name="CPOL" bits="2"/>
          <bitfield name="CKEN" bits="3"/>
          <bitfield name="STOP" bits="4-5"/>
          <bitfield name="LINEN" bits="7"/>
        </register>
      </SFR>
      <SFR address="0x5237">
        <register name="CR4" description="UART1 control register 4" resetvalue="0x00">
          <bitfield name="ADD" bits="0-3"/>
          <bitfield name="LBDF" bits="4"/>
          <bitfield name="LBDL" bits="5"/>
          <bitfield name="LBDIEN" bits="6"/>
        </register>
      </SFR>
      <SFR address="0x5238">
        <register name="CR5" description="UART1 control register 5" resetvalue="0x00">
          <bitfield name="IREN" bits="1"/>
          <bitfield name="IRLP" bits="2"/>
          <bitfield name="HDSEL" bits="3"/>
          <bitfield name="NACK" bits="4"/>
          <bitfield name="SCEN" bits="5"/>
        </register>
      </SFR>
      <SFR address="0x5239">
        <register name="GTR" description="UART1 guard time register" resetvalue="0x00">
          <bitfield name="GT" bits="0-7"/>
        </register>
      </SFR>
      <SFR address="0x523A">
        <register name="PSCR" description="UART1 prescaler register" resetvalue="0x00">
          <bitfield name="PSC" bits="0-7"/>
        </register>
      </SFR>
    </module>
    <module name="WWDG">
      <SFR address="0x50D1">
        <register name="CR" description="WWDG control register" resetvalue="0x7F">
          <bitfield name="T0" bits="0"/>
          <bitfield name="T1" bits="1"/>
          <bitfield name="T2" bits="2"/>
          <bitfield name="T3" bits="3"/>
          <bitfield name="T4" bits="4"/>
          <bitfield name="T5" bits="5"/>
          <bitfield name="T6" bits="6"/>
          <bitfield name="WDGA" bits="7"/>
        </register>
      </SFR>
      <SFR address="0x50D2">
        <register name="WR" description="WWDR window register" resetvalue="0x7F">
          <bitfield name="W0" bits="0"/>
          <bitfield name="W1" bits="1"/>
          <bitfield name="W2" bits="2"/>
          <bitfield name="W3" bits="3"/>
          <bitfield name="W4" bits="4"/>
          <bitfield name="W5" bits="5"/>
          <bitfield name="W6" bits="6"/>
        </register>
      </SFR>
    </module>
  </special_function_registers>
</model>
